<?xml version="1.0" encoding="UTF-8"?><project-private xmlns="http://www.netbeans.org/ns/project-private/1">
    <editor-bookmarks xmlns="http://www.netbeans.org/ns/editor-bookmarks/1"/>
    <open-files xmlns="http://www.netbeans.org/ns/projectui-open-files/1">
        <file>file:/root/MPLABXProjects/7Seg_SPI_Device.X/user.h</file>
        <file>file:/root/MPLABXProjects/7Seg_SPI_Device.X/main.c</file>
        <file>file:/root/MPLABXProjects/7Seg_SPI_Device.X/interrupts.c</file>
    </open-files>
</project-private>
