<?xml version="1.0" encoding="UTF-8"?>
<project-private xmlns="http://www.netbeans.org/ns/project-private/1">
    <editor-bookmarks xmlns="http://www.netbeans.org/ns/editor-bookmarks/2" lastBookmarkId="0"/>
    <open-files xmlns="http://www.netbeans.org/ns/projectui-open-files/2">
        <group>
            <file>file:/home/fabio/NetBeansProjects/SPI_simulator/src/spi_simulator/SPI_simulator.java</file>
            <file>file:/home/fabio/NetBeansProjects/SPI_simulator/src/spi_simulator/host_tx.java</file>
            <file>file:/home/fabio/NetBeansProjects/SPI_simulator/src/spi_simulator/Ansi.java</file>
            <file>file:/home/fabio/NetBeansProjects/SPI_simulator/src/spi_simulator/fifo.java</file>
            <file>file:/home/fabio/NetBeansProjects/SPI_simulator/src/spi_simulator/DataBus.java</file>
        </group>
    </open-files>
</project-private>
